,Spectral entropy,Spectral entropy,Effective rank,Effective rank,Angular alignment,Angular alignment,Selectivity index,Selectivity index,Spectral sparsity,Spectral sparsity,Perturbation robustness,Perturbation robustness
,mean,std,mean,std,mean,std,mean,std,mean,std,mean,std
epoch,,,,,,,,,,,,
0,4.1362324,0.004257993,62.56717,0.26685223,-0.11470798,0.52422184,0.9798921,2.3742658e-05,0.0,0.0,6.390255578025972e-07,4.060618343177828e-07
1,4.132923,0.005320529,62.36077,0.33215532,-0.15896678,0.5330426,0.97987247,4.0594954e-05,0.0,0.0,1.1745648293981503e-06,8.017367736805113e-07
2,4.128376,0.007365261,62.078594,0.4574745,-0.18320528,0.5257339,0.979854,5.9964997e-05,0.0,0.0,9.481692515578288e-07,5.273929368502645e-07
3,4.122293,0.010507468,61.703754,0.64816463,-0.17438614,0.5000099,0.9798434,5.7296376e-05,0.0,0.0,6.888689227935174e-07,3.202490036583668e-07
4,4.1142864,0.014707203,61.21472,0.89939994,-0.17661819,0.52698565,0.9798297,5.2480573e-05,0.0,0.0,1.040584137967926e-06,7.078968683338756e-07
5,4.1035433,0.02045958,60.566338,1.2370006,-0.12947828,0.53827965,0.9798142,7.564726e-05,0.0,0.0,7.773947956479788e-07,3.955434181811703e-07
6,4.0891695,0.028732581,59.71336,1.7120178,-0.099227056,0.5129215,0.97980654,9.072401e-05,0.0,0.0,2.4444255899425116e-06,2.018800970493644e-06
7,4.0704556,0.03925074,58.625908,2.2964272,-0.13497764,0.51250166,0.9798002,0.000107811036,0.0,0.0,1.0242089274470345e-06,3.82073504323436e-07
8,4.0471344,0.0524451,57.306915,2.9982035,-0.12426038,0.5090231,0.9797859,0.000105108295,0.0,0.0,9.490317935956227e-07,4.061778325258149e-07
9,4.019323,0.06812336,55.784283,3.7861125,-0.013556674,0.5149198,0.9797771,0.00010377489,0.00390625,0.009021098,8.163677733818986e-07,2.2230837701048942e-07
10,3.9884434,0.08640121,54.158993,4.646074,0.0040003825,0.5142961,0.9797643,0.00012267679,0.0009765625,0.00390625,1.144678080322592e-06,6.276010499544715e-07
11,3.956585,0.105561815,52.549946,5.484767,-0.0013700686,0.5032397,0.9797445,0.00013977487,0.001953125,0.0053369533,1.0782599986214336e-06,4.4671633866142423e-07
12,3.9256845,0.12268381,51.04264,6.1721964,0.014385032,0.5058243,0.97973716,0.00014154497,0.005859375,0.00967405,1.5863177935671047e-06,6.196709570835665e-07
13,3.8964431,0.13964982,49.671432,6.785393,-0.009503695,0.5028625,0.97972196,0.00015236746,0.01171875,0.020963138,1.125064713392021e-06,3.775931109296619e-07
14,3.8685346,0.15679677,48.412746,7.339951,-0.0315927,0.5425786,0.9797106,0.00013505247,0.01171875,0.016634082,1.1994938091675067e-06,6.410824955378001e-07
15,3.842003,0.173209,47.255985,7.820693,-0.026086545,0.5116415,0.97969896,0.00014033869,0.0146484375,0.019321794,2.492810722287686e-06,2.0664136936681797e-06
16,3.8168082,0.18900141,46.192894,8.245591,0.017816305,0.51378375,0.9797012,0.00014408448,0.024414062,0.020546528,1.304720328221265e-06,4.6842267679915677e-07
17,3.793259,0.20286603,45.221897,8.58773,-0.006080037,0.5251969,0.9796839,0.00016493471,0.037109375,0.034646183,1.5425646893163503e-06,6.031240093811316e-07
18,3.7700412,0.21640371,44.28964,8.898806,-0.010427859,0.5305814,0.97968155,0.00017179796,0.041992188,0.039412495,1.907399834522039e-06,1.2680792706194515e-06
19,3.7470503,0.22790727,43.376553,9.133519,0.013485201,0.5182772,0.9796779,0.000178768,0.0390625,0.03952847,1.7631526105787998e-06,9.393828183822721e-07
20,3.7235918,0.23885629,42.463333,9.3458805,0.027737422,0.5244078,0.9796722,0.00016929643,0.033203125,0.026684768,1.2795744908089546e-06,6.377327951961608e-07
21,3.7008374,0.24954891,41.601044,9.549718,0.024481317,0.5242956,0.9796664,0.00016968844,0.041015625,0.04264795,1.6056584541956909e-06,8.340645678780764e-07
22,3.6787357,0.25995916,40.785133,9.746841,0.031277496,0.5045503,0.9796584,0.00019539832,0.036132812,0.03263531,1.7963820937438868e-06,9.209642149022227e-07
23,3.6572752,0.26979813,40.01018,9.92812,0.04286853,0.4862231,0.9796537,0.00018735626,0.03125,0.027362345,1.5850848882337232e-06,7.675772675226027e-07
24,3.6364338,0.2795958,39.276184,10.092896,0.06650322,0.47002828,0.9796557,0.00019589256,0.037109375,0.040293116,1.947547872305222e-06,1.079574592566428e-06
25,3.6168675,0.28875917,38.600937,10.228995,0.10945749,0.45036933,0.97965217,0.0001953394,0.051757812,0.031622134,2.08760621944748e-06,1.1536609933897318e-06
26,3.5983362,0.2976932,37.975956,10.350781,0.091954194,0.46367306,0.97963005,0.00020467231,0.032226562,0.033979136,3.4274763152097876e-06,1.9878709047563047e-06
27,3.5809062,0.30609092,37.398502,10.450021,0.08119652,0.46272027,0.97963,0.0002249036,0.040039062,0.03123372,2.068361439455657e-06,1.0027278554847585e-06
28,3.5643191,0.3142356,36.859188,10.533011,0.12015158,0.46250996,0.97961867,0.00020864164,0.0390625,0.035630483,2.2775925856421964e-06,9.238357523832565e-07
29,3.5484452,0.32248738,36.352787,10.591218,0.09428663,0.48684102,0.9796104,0.00020421558,0.045898438,0.039721012,1.8219333526303672e-06,1.0098260754609675e-06
30,3.534192,0.33059043,35.911503,10.656969,0.10086597,0.4755089,0.9796095,0.00020115662,0.030273438,0.022439698,2.401738058210867e-06,1.3354456543434144e-06
31,3.520336,0.33779708,35.483265,10.702824,0.06951996,0.49222717,0.9795984,0.00022069582,0.052734375,0.034646183,2.172405487499418e-06,1.0795959347410724e-06
32,3.5077176,0.343701,35.093708,10.73349,0.11182352,0.4650407,0.979615,0.00022295232,0.04296875,0.038060054,1.8684982450167809e-06,9.00008869779374e-07
33,3.4954023,0.3493673,34.716286,10.750133,0.10461644,0.47710478,0.979591,0.00023756227,0.055664062,0.041130174,1.5710561314108418e-06,7.009416568060846e-07
34,3.4828556,0.3554503,34.339268,10.770993,0.102325976,0.4780666,0.97957575,0.00023560332,0.049804688,0.0352718,1.8229200122732436e-06,1.0538890139865353e-06
35,3.4706833,0.36150512,33.97933,10.7906275,0.129422,0.46006322,0.9795891,0.0002325167,0.053710938,0.039925367,2.1148846229834817e-06,1.217312327434909e-06
36,3.4590523,0.36615634,33.629097,10.781361,0.13982838,0.4376871,0.9795909,0.00025293604,0.05078125,0.042504594,1.7706628767655275e-06,8.398136111370511e-07
37,3.4481294,0.37097272,33.30898,10.790085,0.09328943,0.4617706,0.97959,0.00024433623,0.057617188,0.041031122,2.0407758967166956e-06,1.1975885753714775e-06
38,3.4370575,0.37483966,32.97817,10.768749,0.11952638,0.46982953,0.97958255,0.00025429737,0.047851562,0.031493194,2.0070762900559203e-06,9.543454962990725e-07
39,3.425919,0.37917146,32.652897,10.756533,0.12869197,0.4645136,0.97956586,0.0002590949,0.043945312,0.0387881,2.8585441498307773e-06,2.2979496069656457e-06
40,3.4145262,0.38383135,32.326904,10.754571,0.12518764,0.49037156,0.9795538,0.0002467166,0.057617188,0.03504032,1.9949462171098276e-06,1.4038990844319812e-06
41,3.404143,0.3875616,32.028187,10.739743,0.12087615,0.46932617,0.97957426,0.00024963293,0.041992188,0.027786592,1.7188585132998924e-06,8.193559027811138e-07
42,3.3941283,0.39134884,31.744629,10.728768,0.11949019,0.45017824,0.97956884,0.0002505749,0.061523438,0.034454808,1.6987514186439512e-06,6.300225261459515e-07
43,3.3839037,0.39516017,31.458824,10.724492,0.093498535,0.46943337,0.97955865,0.000265824,0.051757812,0.036407143,2.560461666689662e-06,1.6321571629843205e-06
44,3.3740935,0.39890575,31.187859,10.719915,0.09305575,0.45484275,0.97958744,0.00024117615,0.057617188,0.031103171,1.4332569548969332e-06,6.869667232236015e-07
45,3.364829,0.40220246,30.931671,10.70777,0.11169112,0.46821398,0.9795604,0.00025400045,0.048828125,0.022004822,2.4984818196571723e-06,1.8571127476418281e-06
46,3.3558269,0.40572265,30.686598,10.692929,0.13460389,0.43825266,0.9795621,0.00028111212,0.048828125,0.02902215,1.5289194124079586e-06,5.731071065080218e-07
47,3.3469093,0.40903407,30.44535,10.681555,0.1649497,0.44233522,0.97953784,0.00029313506,0.037109375,0.031184828,2.7119958190269244e-06,1.5195401841958443e-06
48,3.3381972,0.41177773,30.207024,10.657913,0.14047468,0.44844088,0.9795441,0.00027751402,0.060546875,0.03647693,1.6446523289914694e-06,8.506063660834274e-07
49,3.329899,0.4148388,29.985271,10.640769,0.15116094,0.4673735,0.9795446,0.00028502196,0.05859375,0.040544793,1.9200548848630206e-06,1.0362245712035818e-06
50,3.3217652,0.41731918,29.764338,10.609337,0.119733036,0.47298247,0.97954077,0.00028117915,0.051757812,0.035501774,1.790375108612352e-06,8.5556250734575e-07
51,3.313497,0.4193826,29.538929,10.577221,0.13159063,0.4884273,0.9795225,0.00028871308,0.064453125,0.041093055,1.9591964814935636e-06,1.3530054351897904e-06
52,3.3053243,0.4222859,29.324566,10.55645,0.11754737,0.4789511,0.9795117,0.0002986662,0.064453125,0.049038608,2.6365997598531976e-06,1.974824990721699e-06
53,3.2974803,0.42475963,29.11655,10.524617,0.14590801,0.47496963,0.9795188,0.00027541304,0.06347656,0.03889286,1.563472764587459e-06,5.611131133886279e-07
54,3.2898748,0.42714003,28.917307,10.498842,0.17897007,0.46350294,0.97950864,0.00029873534,0.06347656,0.03584397,2.151164110841819e-06,1.0342756791944817e-06
55,3.2816317,0.42912447,28.696896,10.454604,0.16441569,0.45194054,0.9795229,0.00028852728,0.056640625,0.037358675,1.5616549546848546e-06,7.847456079431218e-07
56,3.273504,0.43150747,28.486362,10.428714,0.1535025,0.46551934,0.9794932,0.00031254176,0.06933594,0.04806434,1.7517049286652764e-06,5.784705031532342e-07
57,3.2654936,0.4331307,28.273676,10.386191,0.19712284,0.43076655,0.97950464,0.0002999496,0.052734375,0.030658463,2.2405753981047383e-06,1.0382901608871914e-06
58,3.2579496,0.43424556,28.073109,10.350249,0.18523927,0.4506551,0.9794937,0.00028825426,0.056640625,0.034646183,2.3605030321505183e-06,1.3265725840418955e-06
59,3.2505932,0.4356465,27.880632,10.312126,0.16745102,0.4632762,0.97949046,0.0003024726,0.060546875,0.040695053,2.2451844756687933e-06,1.808594921825675e-06
60,3.2424178,0.4372049,27.669645,10.280058,0.15742669,0.4631768,0.97947764,0.00031446735,0.06640625,0.062108148,2.3212200517264137e-06,1.3423565904237813e-06
61,3.234518,0.4394111,27.472729,10.256486,0.1796079,0.4390379,0.9794991,0.00031115682,0.056640625,0.02412195,1.7567739973856078e-06,9.56040420781134e-07
62,3.2270281,0.44064727,27.280445,10.221876,0.17922793,0.45120728,0.97948694,0.00031212255,0.0703125,0.051348988,2.6220188544812117e-06,1.3598140914548267e-06
63,3.2190866,0.4418528,27.076927,10.178542,0.15095085,0.46893564,0.9794771,0.00034054878,0.078125,0.05197906,2.2589863988287107e-06,1.250660982139527e-06
64,3.2112224,0.4428876,26.875591,10.133001,0.16351636,0.45985055,0.97947705,0.00032110803,0.047851562,0.036740907,1.9115335021524515e-06,7.904078409022259e-07
65,3.2027223,0.4442848,26.662964,10.096047,0.15068573,0.4518632,0.97949207,0.00031451354,0.06347656,0.040532246,2.6152736438689317e-06,1.5364840813459609e-06
66,3.1942427,0.44554287,26.452463,10.062965,0.15826462,0.45970184,0.97947097,0.0003271246,0.07421875,0.04924561,1.7732493802213867e-06,6.121435582027669e-07
67,3.1864593,0.4466732,26.259304,10.023308,0.15903153,0.46949726,0.97945565,0.00033415284,0.06640625,0.045464903,2.3696879907220136e-06,1.227667164243979e-06
68,3.1784666,0.44782746,26.063131,9.987921,0.13775963,0.4680005,0.9794751,0.00033571792,0.06347656,0.031493194,2.4326182881395653e-06,1.0358814707372522e-06
69,3.1703064,0.44867817,25.86154,9.945282,0.14883918,0.4680591,0.97948265,0.00032614838,0.068359375,0.036027964,2.4096597144307452e-06,1.5917846774324374e-06
70,3.1616087,0.44964054,25.649546,9.901627,0.16238524,0.45138445,0.9794819,0.00034227397,0.06738281,0.03772448,2.3693908559607735e-06,1.3809968921467814e-06
71,3.1531255,0.45040244,25.443678,9.862012,0.13708092,0.43690538,0.9795058,0.00032450655,0.06738281,0.03504032,4.333696153935307e-06,2.819457364924142e-06
72,3.144683,0.45124254,25.241255,9.825786,0.17080195,0.43197066,0.97947097,0.00033978376,0.056640625,0.03947697,2.165526012731789e-06,1.1638188923068408e-06
73,3.1362698,0.45244783,25.044376,9.795663,0.19835836,0.4149952,0.9794508,0.00035185416,0.059570312,0.04201111,2.817159042933781e-06,1.1891633655629323e-06
74,3.1277199,0.45359746,24.846178,9.77013,0.21957661,0.41601092,0.97946256,0.00032942067,0.08105469,0.051733855,2.5399563980954554e-06,1.153382621160047e-06
75,3.119353,0.45448768,24.652302,9.744689,0.17695859,0.4310226,0.97945434,0.0003584051,0.080078125,0.043777894,2.6550577842954226e-06,1.4876523202490936e-06
76,3.111731,0.45487687,24.472551,9.706532,0.19588293,0.4239068,0.97945106,0.0003469218,0.056640625,0.040293116,3.2666580978002457e-06,2.1805070972003995e-06
77,3.1032424,0.45552188,24.275778,9.66917,0.18757652,0.40870866,0.97945845,0.00035291666,0.0546875,0.033268165,1.910281383743495e-06,9.701483013597777e-07
78,3.0942698,0.45631024,24.071314,9.6384945,0.17622463,0.45458364,0.9794448,0.00034451563,0.06640625,0.03252603,2.0557831135192828e-06,7.345139941184754e-07
79,3.0859666,0.45705318,23.884642,9.614757,0.16135858,0.48032737,0.97944087,0.00033636938,0.068359375,0.04264795,2.0713443689146516e-06,9.979089933336926e-07
80,3.0778394,0.45765156,23.700987,9.579767,0.14518577,0.4727785,0.9794356,0.00033723834,0.049804688,0.027492156,2.2379669815109082e-06,7.85998179285092e-07
81,3.0694106,0.45875797,23.51604,9.551274,0.14857869,0.44657052,0.97945344,0.00032670854,0.06640625,0.04474319,2.600106824957038e-06,1.3166517252161475e-06
82,3.0604284,0.46008468,23.32285,9.529328,0.16809675,0.43548006,0.9794558,0.0003433135,0.064453125,0.03511282,1.9187076816251647e-06,7.074546628676679e-07
83,3.0523984,0.46080065,23.14591,9.488134,0.17025606,0.42963725,0.97945654,0.00034480123,0.060546875,0.04264795,3.0525588385899027e-06,1.7005331359945476e-06
84,3.0439265,0.46149078,22.959726,9.442241,0.17308474,0.43883553,0.9794616,0.00033810904,0.056640625,0.02902215,2.846878857099e-06,1.6498218015079594e-06
85,3.0351655,0.4624007,22.769066,9.387954,0.19086672,0.4341778,0.97947335,0.00033995128,0.07519531,0.041228984,1.7678448784863576e-06,6.460375688856717e-07
86,3.0271807,0.46269208,22.591843,9.326661,0.18739194,0.42975175,0.9794657,0.0003589147,0.06933594,0.039101545,1.9611453012657876e-06,7.605948127272992e-07
87,3.0182683,0.4632335,22.397963,9.267267,0.19423614,0.42427328,0.9794604,0.0003639795,0.07421875,0.033022642,2.1137360874945443e-06,1.0894592773569525e-06
88,3.01019,0.4632175,22.21923,9.199854,0.1618494,0.44015294,0.97945076,0.00036585896,0.056640625,0.050348718,1.7296302416980325e-06,6.773076698323041e-07
89,3.001537,0.46319118,22.027445,9.117095,0.15301423,0.45275652,0.9794441,0.000358116,0.06738281,0.03313028,2.080274555282813e-06,9.653536089773716e-07
90,2.9933302,0.46258697,21.842707,9.03023,0.15950415,0.44773114,0.97946686,0.000330545,0.078125,0.051664986,2.0996157275021687e-06,1.2050969952780868e-06
91,2.9847276,0.4622527,21.653421,8.948667,0.21645202,0.40423647,0.9794443,0.00037910568,0.07421875,0.05244665,2.101041445712326e-06,1.0271827942169871e-06
92,2.9761705,0.46173173,21.463974,8.856894,0.17566982,0.44546345,0.9794339,0.00036994167,0.07324219,0.048653334,2.1703868355871236e-06,6.916807262860147e-07
93,2.9680257,0.4613054,21.287334,8.782124,0.17962371,0.4360243,0.979464,0.00033537525,0.0625,0.041926276,1.7501180025192298e-06,4.691916820397013e-07
94,2.959581,0.46188012,21.113337,8.724295,0.1980795,0.4173894,0.9794419,0.00037695377,0.08105469,0.04201111,2.1698342607123777e-06,8.598443576007979e-07
95,2.9512784,0.46214235,20.941244,8.661404,0.19944966,0.42531085,0.9794437,0.00035985434,0.07714844,0.03584397,1.8521400306781288e-06,5.82704761706691e-07
96,2.942472,0.4621139,20.758924,8.599302,0.16658507,0.4272143,0.97944605,0.00037355057,0.07910156,0.051497355,2.6927553449240804e-06,1.463484457417368e-06
97,2.9338272,0.46307543,20.588404,8.550143,0.19868445,0.40097022,0.97943485,0.00036840962,0.06640625,0.022462353,2.0099911779425383e-06,9.54697502521226e-07
98,2.9243813,0.4636728,20.399248,8.481272,0.20113495,0.42498842,0.97942996,0.00036056057,0.072265625,0.03647693,1.8942394603982393e-06,1.0212685467552045e-06
99,2.9150977,0.46341714,20.209362,8.40549,0.22220074,0.38961077,0.9794402,0.00036321,0.05859375,0.029919596,1.959675984153364e-06,4.837190591943766e-07
